{"Description": null, "Pipeline": "{'Games to short features': FunctionTransformer(func=<function games_to_short_features at 0x00939D18>), 'ElasticNet': ElasticNet(alpha=0.034482758620689655, l1_ratio=0.1, max_iter=10000)}", "# Games for training": 10000, "# Games for testing": 1000, "Fit time": 191.81170201301575, "Predict time": 18.10606288909912, "R2 score": 0.16372842191139336, "MSE": 57576.89336195461}