{"Description": null, "Pipeline": "{'Games to short features': FunctionTransformer(func=<function games_to_short_features at 0x000001CCF231F4C0>), 'Scaler': StandardScaler(), 'LinearREgression': LinearRegression()}", "# Games for training": 50000, "# Games for testing": 10000, "Train Fit time": 621.8194670677185, "Train R2 score": 0.1513974861989016, "Train MSE": 58558.082420042716, "Test Predict time": 112.23823857307434, "Test R2 score": 0.016424043972723235, "Test MSE": 59800.85157918859}