{"Description": null, "Pipeline": "{'Games to short features': FunctionTransformer(func=<function games_to_short_features at 0x000001E5B5CF7310>), 'Ridge': Ridge(alpha=0.034482758620689655, max_iter=10000)}", "# Games for training": 10000, "# Games for testing": 1000, "Fit time": 126.95822358131409, "Predict time": 12.762109279632568, "R2 score": 0.1662409284340392, "MSE": 57403.621700635515}